Date,EURUSD=X,GBPUSD=X,USDJPY=X,USDCHF=X,AUDUSD=X,USDCAD=X,NZDUSD=X
2023-01-02,1.0709733963012695,1.2120330333709717,130.84500122070313,0.923799991607666,0.6823097467422485,1.352810025215149,0.6374799013137817
2023-01-03,1.0677714347839355,1.206287145614624,130.79400634765625,0.9240000247955322,0.6805600523948669,1.3559000492095947,0.6326391100883484
2023-01-04,1.0546854734420776,1.1969740390777588,131.2480010986328,0.9358000159263611,0.6727999448776245,1.3674099445343018,0.6247110962867737
2023-01-05,1.0606365203857422,1.2057054042816162,132.24600219726563,0.9295899868011475,0.6829108595848083,1.3485100269317627,0.6285117864608765
2023-01-06,1.0522217750549316,1.1912277936935425,133.3070068359375,0.9358299970626831,0.6755697727203369,1.3559900522232056,0.6230801343917847
2023-01-09,1.0656323432922363,1.2116365432739258,131.86199951171875,0.9268699884414673,0.689398467540741,1.3435200452804565,0.6359097957611084
2023-01-10,1.073318362236023,1.2184869050979614,131.72900390625,0.920930027961731,0.6909699440002441,1.3393700122833252,0.6369507908821106
2023-01-11,1.0738946199417114,1.2154507637023926,132.1009979248047,0.9222400188446045,0.6895001530647278,1.3432899713516235,0.6371902227401733
2023-01-12,1.0766000747680664,1.2159533500671387,131.90199279785156,0.9309200048446655,0.6910998225212097,1.343000054359436,0.6367682814598083
2023-01-13,1.0860239267349243,1.2217769622802734,129.1719970703125,0.9272000193595886,0.6967815160751343,1.3375999927520752,0.638781726360321
2023-01-16,1.082461953163147,1.2226732969284058,128.0260009765625,0.9267200231552124,0.6973500847816467,1.3396199941635132,0.6385084390640259
2023-01-17,1.0830129384994507,1.2207776308059692,128.3209991455078,0.9253900051116943,0.6966398358345032,1.3397799730300903,0.6389898657798767
2023-01-18,1.0793308019638062,1.228471040725708,128.281005859375,0.9219200015068054,0.6988413333892822,1.3389999866485596,0.6432895064353943
2023-01-19,1.0797853469848633,1.2347661256790161,128.53900146484375,0.91593998670578,0.6944000720977783,1.3495800495147705,0.6445499658584595
2023-01-20,1.083388328552246,1.2393262386322021,128.3699951171875,0.9154999852180481,0.691399872303009,1.3463799953460693,0.6395497918128967
2023-01-23,1.086507797241211,1.240633249282837,129.35400390625,0.9198899865150452,0.6982703804969788,1.3371000289916992,0.648908257484436
2023-01-24,1.0874292850494385,1.2379761934280396,130.5970001220703,0.9216700196266174,0.702928364276886,1.3370100259780884,0.6490219235420227
2023-01-25,1.088814616203308,1.232923984527588,130.23899841308594,0.9222999811172485,0.7046719789505005,1.3374799489974976,0.6493295431137085
2023-01-26,1.0922038555145264,1.2412492036819458,129.23699951171875,0.9169700145721436,0.7108199596405029,1.3380199670791626,0.6484116911888123
2023-01-27,1.0894432067871094,1.2415266036987305,129.8000030517578,0.920199990272522,0.7113898396492004,1.3316099643707275,0.6490893363952637
2023-01-30,1.0871455669403076,1.2400301694869995,129.85400390625,0.9208599925041199,0.7107977271080017,1.3303200006484985,0.6492199301719666
2023-01-31,1.0850694179534912,1.2353609800338745,130.47900390625,0.925279974937439,0.7058099508285522,1.338379979133606,0.6468890905380249
2023-02-01,1.0860947370529175,1.2308903932571411,130.11000061035156,0.9162499904632568,0.7051399946212769,1.3306000232696533,0.6438201069831848
2023-02-02,1.1012852191925049,1.2390038967132568,128.6219940185547,0.907260000705719,0.7145000696182251,1.3274999856948853,0.6516398787498474
2023-02-03,1.0905125141143799,1.222299575805664,128.74600219726563,0.9132000207901001,0.7074687480926514,1.3316600322723389,0.6477187275886536
2023-02-06,1.079086184501648,1.2045146226882935,132.00900268554688,0.9263299703598022,0.6920798420906067,1.3399699926376343,0.6327711939811707
2023-02-07,1.0730764865875244,1.2026747465133667,132.6230010986328,0.927869975566864,0.6887801885604858,1.344099998474121,0.6308802366256714
2023-02-08,1.0729728937149048,1.2054582834243774,131.04200744628906,0.9216499924659729,0.6964598298072815,1.3390100002288818,0.6321991682052612
2023-02-09,1.0715816020965576,1.2071462869644165,131.38699340820313,0.9209100008010864,0.6930001974105835,1.344499945640564,0.6314606666564941
2023-02-10,1.0742292404174805,1.2116806507110596,131.5189971923828,0.9219740033149719,0.6939384341239929,1.3448699712753296,0.6327512264251709
2023-02-13,1.0677714347839355,1.2052258253097534,131.55099487304688,0.92378997802734375,0.6913477778434753,1.3357399702072144,0.6312298774719238
2023-02-14,1.0730419158935547,1.215214490890503,132.33700561523438,0.9186199903488159,0.6970000863075256,1.3333100080490112,0.6361404061317444
2023-02-15,1.0735719203948975,1.2174336910247803,132.99099731445313,0.92153000831604,0.6987583041191101,1.3340599536895752,0.6335489153862
2023-02-16,1.0691757202148438,1.2039779424667358,133.9029998779297,0.9233599901199341,0.690689742565155,1.3390599489212036,0.6279789805412292
2023-02-17,1.0665756464004517,1.197533130645752,134.07400512695313,0.9264600276947021,0.6862400770187378,1.3473000526428223,0.6245394349098206
2023-02-20,1.0684444904327393,1.2029786109924316,134.3070068359375,0.92535001039505,0.686940610408783,1.3481999635696411,0.6236202716827393
2023-02-21,1.068261981010437,1.2039200067520142,134.33599853515625,0.9231799840927124,0.6909002065658569,1.3452999591827393,0.6257705092430115
2023-02-22,1.065200924873352,1.2109322547912598,134.9759979248047,0.9275000095367432,0.686190128326416,1.3534899950027466,0.6216199398040771
2023-02-23,1.0605803728103638,1.204993486404419,134.9320068359375,0.9312400221824646,0.6812916994094849,1.3545399904251099,0.6224014759063721
2023-02-24,1.0598047971725464,1.2017786502838135,134.6280059814453,0.9336900115013123,0.6810133457183838,1.3543200492858887,0.6230801343917847
2023-02-27,1.0554758310317993,1.1952428817749023,136.39500427246094,0.9400299787521362,0.6735684871673584,1.3593699932098389,0.6165608167648315
2023-02-28,1.0611205101013184,1.2061562538146973,136.31700134277344,0.9355999827384949,0.6743001937866211,1.3573999404907227,0.6164202094078064
2023-03-01,1.0577309131622314,1.2033549547195435,136.34800720214844,0.941868007183075,0.6730788350105286,1.3645199537277222,0.6186893582344055
2023-03-02,1.066894292831421,1.2029930353164673,136.19400024414063,0.9394699931144714,0.6759798526763916,1.3589600324630737,0.6256999969482422
2023-03-03,1.0599732398986816,1.1951572895050049,136.7050018310547,0.9418699741363525,0.6735000014305115,1.3594800233840942,0.6221303939819336
2023-03-06,1.0626201629638672,1.2028483152389526,135.86000061035156,0.9368000030517578,0.6754611730575562,1.3602999448776245,0.6209598779678345
2023-03-07,1.0688328742980957,1.2026457786560059,135.99899291992188,0.9306899905204773,0.6733099818229675,1.3616199493408203,0.6198398470878601
2023-03-08,1.05507493019104,1.1827740669250488,137.39100646972656,0.9422299861907959,0.6591001749038696,1.3747999668121338,0.6111199259757996
2023-03-09,1.0549525022506714,1.1850166320800781,137.2259979248047,0.9408699870109558,0.6594000458717346,1.3799400329589844,0.6114711761474609
2023-03-10,1.0584698915481567,1.192250370979309,136.39500427246094,0.9328500032424927,0.6591001749038696,1.3831000328063965,0.6101207137107849
2023-03-13,1.0683646202087402,1.2079336643218994,134.97999572753906,0.91839998960495,0.6634203791618347,1.3763799667358398,0.6160799264907837
2023-03-14,1.0725010633468628,1.2171372175216675,133.11399841308594,0.9124910235404968,0.6659198999404907,1.373520016670227,0.6216315627098083
2023-03-15,1.0727657079696655,1.215214490890503,134.39700317382813,0.9144999980926514,0.6689097881317139,1.3688900470733643,0.6230685114860535
2023-03-16,1.0583354234695435,1.20692777633667,132.9290008544922,0.9310299754142761,0.6618300080299377,1.3764899969100952,0.6164582371711731
2023-03-17,1.0614134073257446,1.2110495567321777,133.3679962158203,0.9291700124740601,0.6663401126861572,1.3719099760055542,0.6203396916389465
2023-03-20,1.0678855180740356,1.2187690734863281,132.28399658203125,0.9267399907112122,0.6713212132453918,1.3709800243377686,0.6273211240768433
2023-03-21,1.071914792060852,1.2276264429092407,131.39199829101563,0.9291999936103821,0.6716899871826172,1.3671000003814697,0.6242586970329285
2023-03-22,1.0774236917495728,1.2225087881088257,132.34800720214844,0.9214699864387512,0.667789876461029,1.3708800077438354,0.6192985773086548
2023-03-23,1.0870392322540283,1.227973222732544,131.1790008544922,0.9165199995040894,0.6699314713478088,1.3716700077056885,0.6232509613037109
2023-03-24,1.0835057497024536,1.228154182434082,130.86500549316406,0.9164000153541565,0.6681597828865051,1.3717000484466553,0.6246915459632874
2023-03-27,1.0807071924209595,1.229755163192749,131.23300170898438,0.9150199890136719,0.6660095453262329,1.3654099702835083,0.620351254940033
2023-03-28,1.0839520692825317,1.2330456972122192,131.04600524902344,0.9204000234603882,0.6706907749176025,1.3593300580978394,0.6253712773323059
2023-03-29,1.0843634605407715,1.2313603162765503,132.5760040283203,0.9180999994277954,0.6682482361793518,1.3563100099563599,0.6221303939819336
2023-03-30,1.0904649496078491,1.2387275695800781,133.2010040283203,0.9133800268173218,0.6716818809509277,1.3521900177001953,0.6269789338111877
2023-03-31,1.0904649496078491,1.2387275695800781,133.2010040283203,0.9133800268173218,0.6716818809509277,1.3521900177001953,0.6269789338111877
2023-04-03,1.091226577758789,1.2423131465911865,132.2989959716797,0.9127100110054016,0.6788502335548401,1.343369960784912,0.6302706599235535
2023-04-04,1.0960105657577515,1.249843716621399,131.48500061035156,0.9053999781608582,0.6758081316947937,1.3437999486923218,0.6315284371376038
2023-04-05,1.090334177017212,1.2463078498840332,130.9340057373047,0.9063599705696106,0.6716683506965637,1.3454300165176392,0.6318516731262207
2023-04-06,1.0920130014419556,1.243900179862976,131.66900634765625,0.9043999910354614,0.6676012873649597,1.3494999408721924,0.6245706081390381
2023-04-07,1.0920130014419556,1.243900179862976,131.66900634765625,0.9043999910354614,0.6676012873649597,1.3494999408721924,0.6245706081390381
2023-04-10,1.086932897567749,1.239218831062317,133.468994140625,0.908810019493103,0.6648299694061279,1.3503400087356567,0.6227386593818665
2023-04-11,1.0917507410049438,1.2431007623672485,133.593994140625,0.902899980545044,0.6654002070426941,1.346250057220459,0.6195096373558044
2023-04-12,1.0999890565872192,1.2492660284042358,133.0850067138672,0.8957729935646057,0.6699000597000122,1.343999981880188,0.6218286752700806
2023-04-13,1.1054610013961792,1.2525300979614258,132.48699951171875,0.8889999985694885,0.6783998608589172,1.3339999914169312,0.6303500533103943
2023-04-14,1.1054610013961792,1.2525300979614258,132.48699951171875,0.8889999985694885,0.6783998608589172,1.3339999914169312,0.6303500533103943
2023-04-17,1.0925379991531372,1.2375471591949463,134.4250030517578,0.8985099792480469,0.6700401306152344,1.3392000198364258,0.618268609046936
2023-04-18,1.0975382328033447,1.2425447702407837,134.04400634765625,0.8959000110626221,0.6735698580741882,1.3390899896621704,0.6215118169784546
2023-04-19,1.095218300819397,1.2428845167160034,134.70399475097656,0.8977000117301941,0.6705514192581177,1.3467999696731567,0.6161999106407166
2023-04-20,1.0970927476882935,1.2440905570983887,133.99600219726563,0.8923199772834778,0.6743178963661194,1.348080039024353,0.6179285645484924
2023-04-21,1.0970927476882935,1.2440905570983887,133.99600219726563,0.8923199772834778,0.6743178963661194,1.348080039024353,0.6179285645484924
2023-04-24,1.1059499979019165,1.25,134.08399963378906,0.8870900273323059,0.6703805327415466,1.353369951248169,0.6175889372825623
2023-04-25,1.0978394746780396,1.2414803504943848,133.71099853515625,0.8918200135231018,0.663640022277832,1.361840009689331,0.6147415041923523
2023-04-26,1.1047282218933105,1.2471472024917603,133.46499633789063,0.8908100128173828,0.6608380675315857,1.363070011138916,0.6120887398719788
2023-04-27,1.1032048463821411,1.249750018119812,133.802001953125,0.8938800096511841,0.6630398035049438,1.359969973564148,0.6146394610404968
2023-04-28,1.1032048463821411,1.249750018119812,133.802001953125,0.8938800096511841,0.6630398035049438,1.359969973564148,0.6146394610404968
2023-05-01,1.0969241857528687,1.2485953569412231,137.52099609375,0.8958699703216553,0.6622801423072815,1.3552000522613525,0.6164810061454773
2023-05-02,1.1010911464691162,1.2476606369018555,136.46600341796875,0.8922500014305115,0.6673001646995544,1.3619500398635864,0.6226611733436584
2023-05-03,1.1068925857543945,1.256897211074829,134.54400634765625,0.8834199905395508,0.6641517877578735,1.3631900548934937,0.6208904981613159
2023-05-04,1.102292776107788,1.2583364248275757,134.1790008544922,0.885200023651123,0.6696098446846008,1.3523000478744507,0.6290218234062195
2023-05-05,1.102292776107788,1.2583364248275757,134.1790008544922,0.885200023651123,0.6696098446846008,1.3523000478744507,0.6290218234062195
2023-05-08,1.0996140241622925,1.2612725496292114,135.072998046875,0.8899099826812744,0.6780994534492493,1.3372399806976318,0.6338581442832947
2023-05-09,1.096467137336731,1.2624667882919312,135.28799438476563,0.8901600241661072,0.6766906976699829,1.337499976158142,0.6338782906532288
2023-05-10,1.098406195640564,1.2626996040344238,134.08700561523438,0.8892899751663208,0.6781914234161377,1.3372100591659546,0.6371212005615234
2023-05-11,1.0912145376205444,1.2508130073547363,134.4980010986328,0.8939999938011169,0.669989824295044,1.3493000268936157,0.6294216513633728
2023-05-12,1.0912145376205444,1.2508130073547363,134.4980010986328,0.8939999938011169,0.669989824295044,1.3493000268936157,0.6294216513633728
2023-05-15,1.0873701572418213,1.2525207996368408,136.0449981689453,0.8954600095748901,0.6703001260757446,1.346500039100647,0.6243288516998291
2023-05-16,1.0865668058395386,1.2484394311904907,136.42999267578125,0.8963500261306763,0.6657789945602417,1.3477200269699097,0.6237408518791199
2023-05-17,1.0838346481323242,1.2482805252075195,137.61399841308594,0.8987420201301575,0.6655617952346802,1.3466700315475464,0.624609649181366
2023-05-18,1.0775396823883057,1.2412338256835938,138.6199951171875,0.9048699736595154,0.6629980802536011,1.349769949913025,0.6235813498497009
2023-05-19,1.0775396823883057,1.2412338256835938,138.6199951171875,0.9048699736595154,0.6629980802536011,1.349769949913025,0.6235813498497009
2023-05-22,1.0811045169830322,1.243440866470337,138.6719970703125,0.8982999920845032,0.6649687886238098,1.3502899408340454,0.6286303400993347
2023-05-23,1.076971173286438,1.2417269945144653,138.59800720214844,0.9013100266456604,0.6613581776618958,1.3499399423599243,0.6250195503234863
2023-05-24,1.0757315158843994,1.2371032238006592,139.2830047607422,0.9039999842643738,0.6545102000236511,1.3588500022888184,0.610608696937561
2023-05-25,1.0724436044692993,1.2318304777145386,140.01699829101563,0.9050499796867371,0.6498485803604126,1.3643200397491455,0.6053400635719299
2023-05-26,1.0724436044692993,1.2318304777145386,140.01699829101563,0.9050499796867371,0.6498485803604126,1.3643200397491455,0.6053400635719299
2023-05-29,1.0707669258117676,1.234933853149414,140.4409942626953,0.9044600129127502,0.6528502106666565,1.3601000308990479,0.6044487357139587
2023-05-30,1.073306918144226,1.241187572479248,139.79200744628906,0.9057999849319458,0.6517800092697144,1.359969973564148,0.6046789884567261
2023-05-31,1.0695186853408813,1.244694471359253,139.1269989013672,0.9098899960517883,0.6506401300430298,1.356600046157837,0.6025112867355347
2023-06-01,1.0760787725448608,1.2525991201400757,138.7480010986328,0.9055899977684021,0.657799482345581,1.3443000316619873,0.6065789461135864
2023-06-02,1.0760787725448608,1.2525991201400757,138.7480010986328,0.9055899977684021,0.657799482345581,1.3443000316619873,0.6065789461135864
2023-06-05,1.0711798667907715,1.2433171272277832,139.38299560546875,0.9059000015258789,0.6613494157791138,1.3447999954223633,0.6070613265037537
2023-06-06,1.0698047876358032,1.2428536415100098,139.52699279785156,0.9071300029754639,0.6679089665412903,1.339859962463379,0.6078399419784546
2023-06-07,1.0707440376281738,1.2445859909057617,139.8990020751953,0.9095399975776672,0.665860116481781,1.3371599912643433,0.6042296290397644
2023-06-08,1.078271746635437,1.2559500932693481,138.86300659179688,0.8986999988555908,0.671259880065918,1.3361999988555908,0.609440267086029
2023-06-09,1.078271746635437,1.2559500932693481,138.86300659179688,0.8986999988555908,0.671259880065918,1.3361999988555908,0.609440267086029
2023-06-12,1.0762988328933716,1.2515331506729126,139.4600067138672,0.90829998254776,0.6753101944923401,1.336300015449524,0.6129103302955627
2023-06-13,1.078934907913208,1.2606843709945679,140.177001953125,0.9052600264549255,0.6769289374351501,1.331470012664795,0.6159418225288391
2023-06-14,1.084304690361023,1.26708984375,139.9770050048828,0.9000800251960754,0.6796895265579224,1.3326400518417358,0.6196900010108948
2023-06-15,1.0945948362350464,1.278576135635376,140.26800537109375,0.8916400074958801,0.688029944896698,1.3221900463104248,0.623538613319397
2023-06-16,1.0945948362350464,1.278576135635376,140.26800537109375,0.8916400074958801,0.688029944896698,1.3221900463104248,0.623538613319397
2023-06-19,1.0924304723739624,1.2794759273529053,141.8990020751953,0.8957800269126892,0.6851379871368408,1.3209500312805176,0.6202396750450134
2023-06-20,1.0920368432998657,1.276535987854004,141.3350067138672,0.8976699709892273,0.6788820624351501,1.3225599527359009,0.6166787147521973
2023-06-21,1.0992635488510132,1.2772045135498047,141.68800354003906,0.892300009727478,0.6798702478408813,1.316100001335144,0.6207093596458435
2023-06-22,1.0958904027938843,1.2747135162353516,143.02999877929688,0.8948799967765808,0.6760699152946472,1.3145899772644043,0.6182800531387329
2023-06-23,1.0958904027938843,1.2747135162353516,143.02999877929688,0.8948799967765808,0.6760699152946472,1.3145899772644043,0.6182800531387329
2023-06-26,1.091048002243042,1.2711971998214722,143.4600067138672,0.895609974861145,0.6674498319625854,1.315000057220459,0.6163100004196167
2023-06-27,1.0957223176956177,1.2744698524475098,143.8820037841797,0.893750011920929,0.668140172958374,1.3197699785232544,0.6157407760620117
2023-06-28,1.0915838479995728,1.2642544507980347,144.38900756835938,0.8966599702835083,0.6600616574287415,1.3251800537109375,0.6074300408363342
2023-06-29,1.0868029594421387,1.2614636421203613,144.77999877929688,0.8991400003433228,0.6619710922241211,1.3250000476837158,0.606678307056427
2023-06-30,1.0868029594421387,1.2614636421203613,144.77999877929688,0.8991400003433228,0.6619710922241211,1.3250000476837158,0.606678307056427
2023-07-03,1.091309905052185,1.269293189048767,144.58399963378906,0.895799994468689,0.6674097180366516,1.3248000144958496,0.6156005859375
2023-07-04,1.0884946584701538,1.2717629671096802,144.406005859375,0.8966400027275085,0.6692701578140259,1.322350025177002,0.619809091091156
2023-07-05,1.0856584310531616,1.2704542875289917,144.48899841308594,0.8985199928283691,0.6656903028488159,1.3285900354385376,0.6176995635032654
2023-07-06,1.0890636444091797,1.2742749452590942,143.9510040283203,0.8952800035476685,0.6628398895263672,1.3365399837493896,0.616351842880249
2023-07-07,1.0890636444091797,1.2742749452590942,143.9510040283203,0.8952800035476685,0.6628398895263672,1.3365399837493896,0.616351842880249
2023-07-10,1.100594401359558,1.2864713668823242,141.2969970703125,0.885129988193512,0.667900025844574,1.3273999691009521,0.6206515431404114
2023-07-11,1.101406455039978,1.2934770584106445,140.1179962158203,0.8787599802017212,0.6693798899650574,1.3227699995040894,0.6199589371681213
2023-07-12,1.1144545078277588,1.29962956905365,138.31500244140625,0.8666099905967712,0.6792786121368408,1.3182799816131592,0.6305209994316101
2023-07-13,1.1223469972610474,1.3128528594970703,138.0749969482422,0.8591200113296509,0.6888617873191833,1.3112499713897705,0.6391900181770325
2023-07-14,1.1223469972610474,1.3128528594970703,138.0749969482422,0.8591200113296509,0.6888617873191833,1.3112499713897705,0.6391900181770325
2023-07-17,1.1237596273422241,1.307172417640686,138.72900390625,0.8603500127792358,0.6810500025749207,1.3201500177383423,0.6321192383766174
2023-07-18,1.1228890419006348,1.303508996963501,139.02699279785156,0.8576499819755554,0.6814821362495422,1.3166199922561646,0.6296991109848022
2023-07-19,1.120523452758789,1.2939791679382324,139.59800720214844,0.85794997215271,0.6769999265670776,1.3163000345230103,0.6262878179550171
2023-07-20,1.113709807395935,1.2872332334518433,139.86399841308594,0.8662599921226501,0.6778190732002258,1.3174200057983398,0.6230296492576599
2023-07-21,1.113709807395935,1.2872332334518433,139.86399841308594,0.8662599921226501,0.6778190732002258,1.3174200057983398,0.6230296492576599
2023-07-24,1.1063170433044434,1.281262755393982,141.52200317382813,0.8698899745941162,0.6733009219169617,1.3174599409103394,0.6200205087661743
2023-07-25,1.1050456762313843,1.2893908023834229,140.91299438476563,0.8645300269126892,0.6787599325180054,1.3187099695205688,0.6216585636138916
2023-07-26,1.1078368425369263,1.292724609375,140.36700439453125,0.8615400195121765,0.6759999394416809,1.3204599618911743,0.6212299466133118
2023-07-27,1.0978755950927734,1.2793776988983154,138.86399841308594,0.8688499927520752,0.6711859703063965,1.322700023651123,0.6187467575073242
2023-07-28,1.0978755950927734,1.2793776988983154,138.86399841308594,0.8688499927520752,0.6711859703063965,1.322700023651123,0.6187467575073242
2023-07-31,1.0997591018676758,1.283400535583496,142.322998046875,0.871649980545044,0.6716818809509277,1.319200038909912,0.6204898357391357
2023-08-01,1.1007881164550781,1.2795741558074951,142.97000122070313,0.8723800182342529,0.6617608070373535,1.3268500566482544,0.614148736000061
2023-08-02,1.0944151878356934,1.2720379829406738,143.343994140625,0.8773099780082703,0.6544999480247498,1.33433997631073,0.6086301207542419
2023-08-03,1.095158338546753,1.2716336250305176,142.59800720214844,0.8742200136184692,0.6561206579208374,1.3350600004196167,0.6082391738891602
2023-08-04,1.095158338546753,1.2716336250305176,142.59800720214844,0.8742200136184692,0.6561206579208374,1.3350600004196167,0.6082391738891602
2023-08-07,1.100315809249878,1.2782002687454224,142.5240020751953,0.8726999759674072,0.6572591066360474,1.3371200561523438,0.6106571555137634
2023-08-08,1.0958904027938843,1.2741613388061523,143.2779998779297,0.8755999803543091,0.6531601548194885,1.3424999713897705,0.6056678295135498
2023-08-09,1.0977671146392822,1.2720056772232056,143.7270050048828,0.8766999840736389,0.6536802053451538,1.341879963874817,0.606207549571991
2023-08-10,1.0981649160385132,1.2670094966888428,144.85400390625,0.8767899870872498,0.6512498259544373,1.344480037689209,0.6013337969779968
2023-08-11,1.0981649160385132,1.2670094966888428,144.85400390625,0.8767899870872498,0.6512498259544373,1.344480037689209,0.6013337969779968
2023-08-14,1.0909883975982666,1.2685203552246094,145.43699645996094,0.8779799938201904,0.6488400101661682,1.3458800315856934,0.5974786281585693
2023-08-15,1.0904173851013184,1.2701315879821777,145.60800170898438,0.8786200284957886,0.6457903981208801,1.3490099906921387,0.5957380533218384
2023-08-16,1.0874884128570557,1.2728151082992554,146.33299255371094,0.8801400065422058,0.6414697170257568,1.353659987449646,0.5931304097175598
2023-08-17,1.0874648094177246,1.275022268295288,145.71400451660156,0.8782399892807007,0.6406888961791992,1.3545199632644653,0.5925890803337097
2023-08-18,1.0874648094177246,1.275022268295288,145.71400451660156,0.8782399892807007,0.6406888961791992,1.3545199632644653,0.5925890803337097
2023-08-21,1.0898351669311523,1.2760798931121826,146.23800659179688,0.878462016582489,0.6414080262184143,1.3543000221252441,0.5929685831069946
2023-08-22,1.0846692323684692,1.2731555700302124,145.76300048828125,0.879800021648407,0.6427999138832092,1.3550100326538086,0.5940676331520081
2023-08-23,1.086578607559204,1.2720541954040527,144.67300415039063,0.8774099946022034,0.6480587720870972,1.352370023727417,0.5974286794662476
2023-08-24,1.07991361618042,1.2592872381210327,146.06700134277344,0.8851000070571899,0.6413956880569458,1.358680009841919,0.591957688331604
2023-08-25,1.07991361618042,1.2592872381210327,146.06700134277344,0.8851000070571899,0.6413956880569458,1.358680009841919,0.591957688331604
2023-08-28,1.0825556516647339,1.2611136436462402,146.46400451660156,0.8834999799728394,0.6428180932998657,1.3601100444793701,0.5907477140426636
2023-08-29,1.0869210958480835,1.2636793851852417,145.98800659179688,0.8789600133895874,0.647659957408905,1.3558900356292725,0.5967476963996887
2023-08-30,1.0932546854019165,1.271179437637329,146.0989990234375,0.8781099915504456,0.6478782296180725,1.3535300493240356,0.5952983498573303
2023-08-31,1.0844104290008545,1.2672826051712036,145.47300720214844,0.8831999897956848,0.6488408446311951,1.3509700298309326,0.5976964831352234
2023-09-01,1.0844104290008545,1.2672826051712036,145.47300720214844,0.8831999897956848,0.6488408446311951,1.3509700298309326,0.5976964831352234
2023-09-04,1.0794472694396973,1.2623074054718018,146.54299926757813,0.8847699761390686,0.6458100080490112,1.3598699569702148,0.5937396287918091
2023-09-05,1.0726161003112793,1.2570552825927734,147.4709930419922,0.8893899917602539,0.6375396251678467,1.3638900518417358,0.58841872215271
2023-09-06,1.0724204778671265,1.2498750686645508,147.70899963378906,0.8913599848747253,0.6383001804351807,1.3638999462127686,0.5870990753173828
2023-09-07,1.0697818994522095,1.2475050687789917,147.33099365234375,0.8926699757575989,0.6377400159835815,1.3683500289916992,0.588200032711029
2023-09-08,1.0697818994522095,1.2475050687789917,147.33099365234375,0.8926699757575989,0.6377400159835815,1.3683500289916992,0.588200032711029
2023-09-11,1.0750375986099243,1.2508755922317505,146.67799377441406,0.8912100195884705,0.643200159072876,1.3578699827194214,0.5916810035705566
2023-09-12,1.075326681137085,1.2491724491119385,147.1580047607422,0.8913900256156921,0.6428180932998657,1.3551000356674194,0.5909885764122009
2023-09-13,1.0734220743179321,1.248953938484192,147.3459930419922,0.8931999802589417,0.6421617865562439,1.3552500009536743,0.5920312404632568
2023-09-14,1.0637166500091553,1.2401869297027588,147.48199462890625,0.896399974822998,0.6432398557662964,1.3514800071716309,0.5906001329421997
2023-09-15,1.0637166500091553,1.2401869297027588,147.48199462890625,0.896399974822998,0.6432398557662964,1.3514800071716309,0.5906001329421997
2023-09-18,1.0692671537399292,1.2383747100830078,147.60499572753906,0.8972499966621399,0.643960177898407,1.3487000465393066,0.5921399593353271
2023-09-19,1.0682048797607422,1.2393569946289063,147.74200439453125,0.8973100185394287,0.646600067615509,1.3442699909210205,0.5951495170593262
2023-09-20,1.065303087234497,1.2328935861587524,148.3209991455078,0.8992000222206116,0.6436100006103516,1.3476699590682983,0.5925294160842896
2023-09-21,1.0661548376083374,1.2294225692749023,147.6439971923828,0.9044700264930725,0.6409598588943481,1.347749948501587,0.5931796431541443
2023-09-22,1.0661548376083374,1.2294225692749023,147.6439971923828,0.9044700264930725,0.6409598588943481,1.347749948501587,0.5931796431541443
2023-09-25,1.0591648817062378,1.2213143110275269,148.81100463867188,0.9120799899101257,0.6422001123428345,1.345039963722229,0.5967299342155457
2023-09-26,1.0569483041763306,1.2146830558776855,149.0449981689453,0.9157599806785583,0.6393861770629883,1.3519599437713623,0.5947707891464233
2023-09-27,1.0505305528640747,1.2135332822799683,149.4980010986328,0.9208199977874756,0.634759783744812,1.350100040435791,0.591621458530426
2023-09-28,1.0562450885772705,1.2204796075820923,149.33700561523438,0.9147599935531616,0.6427974700927734,1.3490999937057495,0.5964398384094238
2023-09-29,1.0562450885772705,1.2204796075820923,149.33700561523438,0.9147599935531616,0.6427974700927734,1.3490999937057495,0.5964398384094238
2023-10-02,1.0480751991271973,1.209116816520691,149.8509979248047,0.917900025844574,0.6362699270248413,1.3676300048828125,0.5941911935806274
2023-10-03,1.0472300052642822,1.2078461647033691,149.19200134277344,0.9209700226783752,0.6308901309967041,1.3709100484848022,0.5913485288619995
2023-10-04,1.0507071018218994,1.2137395143508911,148.96600341796875,0.9166100025177002,0.6329101920127869,1.3744200468063354,0.5918700695037842
2023-10-05,1.0546631813049316,1.2187690734863281,148.46299743652344,0.91259002685546875,0.6371049880981445,1.3705699443817139,0.596640944480896
2023-10-06,1.0546631813049316,1.2187690734863281,148.46299743652344,0.91259002685546875,0.6371049880981445,1.3705699443817139,0.596640944480896
2023-10-09,1.0578875541687012,1.2250398397445679,148.32699584960938,0.9048399925231934,0.6420900225639343,1.358049988746643,0.6031108498573303
2023-10-10,1.0604791641235352,1.229135513305664,148.6280059814453,0.9045500159263611,0.643347442150116,1.3583600521087646,0.6041894555091858
2023-10-11,1.0624282360076904,1.2316333055496216,149.03599548339844,0.9009900093078613,0.6418097615242004,1.3594499826431274,0.6019490957260132
2023-10-12,1.0536741018295288,1.2183235883712769,149.7899932861328,0.9078199863433838,0.6316800117492676,1.3683799505233765,0.5921609997749329
2023-10-13,1.0536741018295288,1.2183235883712769,149.7899932861328,0.9078199863433838,0.6316800117492676,1.3683799505233765,0.5921609997749329
2023-10-16,1.0554312467575073,1.2211503982543945,149.5780029296875,0.9004700183868408,0.6337798237800598,1.3614399433135986,0.5901515483856201
2023-10-17,1.057305932044983,1.2178784608840942,149.75900268554688,0.9001100063323975,0.6362699270248413,1.3653000593185425,0.5894801616668701
2023-10-18,1.053851842880249,1.214343786239624,149.74200439453125,0.8985700011253357,0.6332400441169739,1.3713799715042114,0.5853909850120544
2023-10-19,1.0586491823196411,1.2137248516082764,149.802001953125,0.891789972782135,0.6326999664306641,1.3715300559997559,0.5842998623847961
2023-10-20,1.0586491823196411,1.2137248516082764,149.802001953125,0.891789972782135,0.6326999664306641,1.3715300559997559,0.5842998623847961
2023-10-23,1.0669853687286377,1.2250248193740845,149.7689971923828,0.8906000256538391,0.6336702108383179,1.3688499927520752,0.5851101279258728
2023-10-24,1.059535264968872,1.216189980506897,149.85400390625,0.893060028553009,0.6360999345779419,1.3741600513458252,0.5846996307373047
2023-10-25,1.056725025177002,1.210345983505249,150.09800720214844,0.8967000246047974,0.6296999454498291,1.3802900314331055,0.5792199373245239
2023-10-26,1.0564459562301636,1.213710069656372,150.36599731445313,0.898829996585846,0.6335999369621277,1.3813999891281128,0.5828898549079895
2023-10-27,1.0564459562301636,1.213710069656372,150.36599731445313,0.898829996585846,0.6335999369621277,1.3813999891281128,0.5828898549079895
2023-10-30,1.0562450885772705,1.2113723754882813,149.73300170898438,0.902400016784668,0.6338903307914734,1.3863400220870972,0.5808415412902832
2023-10-31,1.061503529548645,1.2165746688842773,149.11099243164063,0.9020599722862244,0.637100100517273,1.3828599452972412,0.584030270576477
2023-11-01,1.0579099655151367,1.215214490890503,151.29400634765625,0.9097999930381775,0.6339948177337646,1.387660026550293,0.5807403326034546
2023-11-02,1.05870521068573,1.2182197570800781,150.5749969482422,0.9055500030517578,0.642259955406189,1.3834400177001953,0.5879793763160706
2023-11-03,1.0619093179702759,1.2191851139068604,150.4969940185547,0.9060999751091003,0.6427900195121765,1.3746999502182007,0.5895808935165405
2023-11-06,1.0732147693634033,1.237378716468811,149.44900512695313,0.8992099761962891,0.6516865491867065,1.3660600185394287,0.5996102690696716
2023-11-07,1.0721560716629028,1.2345526218414307,149.98899841308594,0.8992000222206116,0.6489419341087341,1.369729995727539,0.5963000655174255
2023-11-08,1.0696102380752563,1.2291808128356934,150.39599609375,0.8999699950218201,0.6430099010467529,1.3768500089645386,0.5936000347137451
2023-11-09,1.0710422992706299,1.2285012006759644,150.86399841308594,0.8990799784660339,0.6405698657035828,1.3793200254440308,0.5912017226219177
2023-11-10,1.0667576789855957,1.2217023372650146,151.3489990234375,0.9031500220298767,0.6361699104309082,1.3806999921798706,0.5889298915863037
2023-11-13,1.069015622138977,1.2228227853775024,151.468994140625,0.9019799828529358,0.6364598870277405,1.379889965057373,0.5894210338592529
2023-11-14,1.0701825618743896,1.228063702583313,151.64599609375,0.901199996471405,0.6381002068519592,1.3801499605178833,0.5882906913757324
2023-11-15,1.0878314971923828,1.2494533061981201,150.48500061035156,0.8891000151634216,0.6499837636947632,1.3699400424957275,0.6004491448402405
2023-11-16,1.0854581594467163,1.2422360181808472,151.21499633789063,0.8870800137519836,0.6511502265930176,1.368340015411377,0.6028890609741211
2023-11-17,1.0853756666183472,1.2414957284927368,150.7050018310547,0.888480007648468,0.6470816731452942,1.3752100467681885,0.596530556678772
2023-11-20,1.090702772140503,1.2454540729522705,149.94200134277344,0.8859300017356873,0.6513597369194031,1.371899962425232,0.599621057510376
2023-11-21,1.0945948362350464,1.2509069442749023,148.36199951171875,0.8843600153923035,0.6564001441001892,1.3724100589752197,0.6039800047874451
2023-11-22,1.0918222665786743,1.2544218301773071,148.15199279785156,0.8831800222396851,0.6559097170829773,1.3701000213623047,0.6054185032844543
2023-11-23,1.0890873670578003,1.2490007877349854,149.4600067138672,0.8840299844741821,0.6542789936065674,1.3692500591278076,0.6021299958229065
2023-11-24,1.0906314849853516,1.2533526420593262,149.63499450683594,0.8844699859619141,0.6560100317001343,1.3695000410079956,0.604880154132843
2023-11-27,1.0940439701080322,1.2600330114364624,149.5709991455078,0.8822500109672546,0.658129870891571,1.3630499839782715,0.6077501177787781
2023-11-28,1.0958423614501953,1.2634397745132446,148.45199584960938,0.8799999952316284,0.661250114440918,1.360700011253357,0.6103999614715576
2023-11-29,1.100594401359558,1.2712295055389404,147.06300354003906,0.8769000172615051,0.6658999919891357,1.3562999963760376,0.614601731300354
2023-11-30,1.0973695516586304,1.2696397304534912,147.03900146484375,0.8733199834823608,0.6619009971618652,1.3590199947357178,0.6155892014503479
2023-12-01,1.0892059803009033,1.2631685733795166,147.99899291992188,0.8746600151062012,0.6606799960136414,1.3556499481201172,0.6157673001289368
2023-12-04,1.088814616203308,1.2713103294372559,146.39300537109375,0.8678500056266785,0.6682884097099304,1.348870038986206,0.6215388178825378
2023-12-05,1.0837758779525757,1.2634079456329346,147.32699584960938,0.8725100159645081,0.6617100238800049,1.3538999557495117,0.6165000200271606
2023-12-06,1.0793657302856445,1.2594457864761353,147.18499755859375,0.8749359846115112,0.6554699540138245,1.3590999841690063,0.613399088382721
2023-12-07,1.076669692993164,1.2558711767196655,147.1840057373047,0.8746399879455566,0.6551401019096375,1.359179973602295,0.6140506863594055
2023-12-08,1.079214334487915,1.258954405784607,144.2779998779297,0.8754400014877319,0.6594479084014893,1.3598599433898926,0.616158127784729
2023-12-11,1.0765769481658936,1.2554770708084106,144.98300170898438,0.8796200156211853,0.6579799652099609,1.3580800294876099,0.6124711632728577
2023-12-12,1.076658010482788,1.2554612159729004,146.0850067138672,0.8780999779701233,0.6565001010894775,1.357800006866455,0.612291157245636
2023-12-13,1.0798670053482056,1.2570710182189941,145.27999877929688,0.8751299977302551,0.6564600467681885,1.3585000038146973,0.6137492060661316
2023-12-14,1.0886130332946777,1.2622915506362915,142.7729949951172,0.8709700107574463,0.6665000319480896,1.3508100509643555,0.6190800070762634
2023-12-15,1.0993602275848389,1.2771391868591309,142.2790069580078,0.8671299815177917,0.6702682375907898,1.3407000303268433,0.6213298439979553
2023-12-18,1.0895264148712158,1.2672343254089355,142.31300354003906,0.8706120252609253,0.6698910593986511,1.3381600379943848,0.6209907531738281
2023-12-19,1.092382788658142,1.2651821374893188,142.7220001220703,0.867110013961792,0.6703715920448303,1.3397799730300903,0.6213804483413696
2023-12-20,1.0981045961380005,1.2732689380645752,143.88900756835938,0.8603000044822693,0.6762998700141907,1.3334200382232666,0.6270418167114258
2023-12-21,1.0945708751678467,1.2641266584396362,143.5229949951172,0.8624600172042847,0.6739816665649414,1.335819959640503,0.6253986954689026
2023-12-22,1.100618600845337,1.268499493598938,142.07000732421875,0.8562700152397156,0.6796802878379822,1.3283900022506714,0.6294692158699036
2023-12-25,1.102657437324524,1.2677003145217896,142.3419952392578,0.8550699949264526,0.6808788776397705,1.3256800174713135,0.6319299340248108
2023-12-26,1.1020255088806152,1.27048659324646,142.22999572753906,0.8557400107383728,0.6806008219718933,1.3250000476837158,0.6306001543998718
2023-12-27,1.1043012142181396,1.272718071937561,142.46099853515625,0.8535799980163574,0.6823800802230835,1.3195199966430664,0.6328513026237488
2023-12-28,1.110864281654358,1.2800819873809814,141.3990020751953,0.8423299789428711,0.6854700446128845,1.320199966430664,0.6349488496780396
2023-12-29,1.1068191528320313,1.2733986377716064,141.42999267578125,0.8433600068092346,0.6826302409172058,1.3229600191116333,0.6334887742996216
2024-01-01,1.1055831909179688,1.272999882698059,140.95199584960938,0.8407589793205261,0.6820491552352905,1.3239200115203857,0.6319698691368103
2024-01-02,1.1038745641708374,1.2728800773620605,141.12600708007813,0.8418899774551392,0.6810504198074341,1.3242000341415405,0.6315284371376038
2024-01-03,1.0941756963729858,1.2623074054718018,142.15499877929688,0.8501200079917908,0.6765698194503784,1.332200050354004,0.625
2024-01-04,1.0927767753601074,1.2674272060394287,142.99899291992188,0.8489000201225281,0.6736002564430237,1.3347699642181396,0.6251289248466492
2024-01-05,1.0947387218475342,1.2684078216552734,144.76499938964844,0.8500000238418579,0.6706593036651611,1.3355000019073486,0.6231298446655273
2024-01-08,1.0942236185073853,1.271779179573059,144.71600341796875,0.8507300019264221,0.6716412901878357,1.3359800577163696,0.6248789429664612
2024-01-09,1.095170259475708,1.274518609046936,144.22999572753906,0.8478999733924866,0.6720001101493835,1.3349000215530396,0.6251797676086426
2024-01-10,1.0932426452636719,1.2712942361831665,144.42799377441406,0.852370023727417,0.6684702038764954,1.338919997215271,0.6238303184509277
2024-01-11,1.0975141525268555,1.274518609046936,145.73399353027344,0.8504999876022339,0.6703999042510986,1.3378499746322632,0.6229597926139832
2024-01-12,1.0981649160385132,1.2777756452560425,145.04600524902344,0.8510100245475769,0.6698498129844666,1.3379900455474854,0.6242314577102661
2024-01-15,1.0945708751678467,1.273658275604248,145.1490020751953,0.8533200025558472,0.6689097881317139,1.340939998626709,0.6232999563217163
2024-01-16,1.0945708751678467,1.2716174125671387,145.79400634765625,0.8559799790382385,0.6650399565696716,1.3435800075531006,0.6190685629844666
2024-01-17,1.087878942489624,1.26385498046875,147.24600219726563,0.861299991607666,0.6588900089263916,1.3489999771118164,0.6140884160995483
2024-01-18,1.0885775089263916,1.2676842212677002,148.1179962158203,0.8643220067024231,0.6551997661590576,1.3502800464630127,0.611340343952179
2024-01-19,1.0879143476486206,1.2709871530532837,148.1280059814453,0.8680800199508667,0.6582845449447632,1.348620057106018,0.6120250821113586
2024-01-22,1.089229702949524,1.2699863910675049,148.12100219726563,0.8684800267219543,0.6595479249954224,1.3431600332260132,0.6118303537368774
2024-01-23,1.088020920753479,1.2706964015960693,148.14199829101563,0.8691200017929077,0.6570599675178528,1.347790002822876,0.607389509677887
2024-01-24,1.0857881307601929,1.269196629524231,148.25100708007813,0.8695999979972839,0.6586300730705261,1.3456000089645386,0.610340416431427
2024-01-25,1.088174819946289,1.271876335144043,147.59100341796875,0.8630200028419495,0.6576697826385498,1.3525400161743164,0.6108586192131042
2024-01-26,1.0847046375274658,1.270825743675232,147.72300720214844,0.8669000267982483,0.6585879921913147,1.3477699756622314,0.6108884811401367
2024-01-29,1.0843517780303955,1.2697607278823853,148.13999938964844,0.864139974117279,0.6578601002693176,1.3453999757766724,0.609289824962616
2024-01-30,1.0834470987319946,1.2713264226913452,147.46800231933594,0.8613200187683105,0.6614194512367249,1.3411400318145752,0.613481879234314
2024-01-31,1.08433997631073,1.269551157951355,147.36900329589844,0.8618599772453308,0.659480094909668,1.3401700258255005,0.613180935382843
2024-02-01,1.0803920030593872,1.2678449153900146,146.99600219726563,0.862339973449707,0.656150758266449,1.3435499668121338,0.611190915107727
2024-02-02,1.0874648094177246,1.27472984790802,146.4510040283203,0.8576200008392334,0.6574898362159729,1.3382999897003174,0.6145714521408081
2024-02-05,1.0780043601989746,1.2621959447860718,148.50100708007813,0.8669800162315369,0.6505080461502075,1.3470100164413452,0.6064502000808716
2024-02-06,1.0741831064224243,1.2534469366073608,148.63999938964844,0.8707000017166138,0.6480293273925781,1.3543000221252441,0.60530853271484375
2024-02-07,1.075719952583313,1.2606525421142578,147.8179931640625,0.8694999814033508,0.6529674530029297,1.34893000125885,0.6099792718887329
2024-02-08,1.077574610710144,1.2627378702163696,148.08599853515625,0.8739100098609924,0.6521880626678467,1.3464000225067139,0.6109594106674194
2024-02-09,1.0777255296707153,1.2620525360107422,149.25900268554688,0.873449981212616,0.6497599482536316,1.3459999561309814,0.6107914447784424
2024-02-12,1.0798202753067017,1.2637271881103516,149.16700744628906,0.8741599917411804,0.6525583267211914,1.3457800149917603,0.6147717237472534
2024-02-13,1.0772264003753662,1.2627538442611694,149.40499877929688,0.8758000135421753,0.6528898477554321,1.3455300331115723,0.6127901673316956
2024-02-14,1.0708931684494019,1.2590652704238892,150.7239990234375,0.8874099850654602,0.6453399062156677,1.3565800189971924,0.60578155517578125
2024-02-15,1.0732147693634033,1.2568340301513672,150.54400634765625,0.8851000070571899,0.6498798131942749,1.3538700342178345,0.609061598777771
2024-02-16,1.0773887634277344,1.259921908378601,149.9459991455078,0.879800021648407,0.6525498628616333,1.3465299606323242,0.6111199259757996
2024-02-19,1.0784927606582642,1.2611136436462402,150.09100341796875,0.880649983882904,0.6537913680076599,1.3477799892425537,0.6136400103569031
2024-02-20,1.0775396823883057,1.2587641477584839,150.27000427246094,0.8827469944953918,0.6530783176422119,1.3497999906539917,0.6142581701278687
2024-02-21,1.0813149213790894,1.2627378702163696,149.93899536132813,0.8818100094795227,0.6553500890731812,1.3521900177001953,0.616819441318512
2024-02-22,1.0820403099060059,1.2638070583343506,150.35499572753906,0.8792499899864197,0.6553199887275696,1.3496999740600586,0.6180316805839539
2024-02-23,1.0825674533843994,1.266367793083191,150.48300170898438,0.8799499869346619,0.6559101939201355,1.348140001296997,0.6195287704467773
2024-02-26,1.0820051431655884,1.2672665119171143,150.4980010986328,0.8812500238418579,0.6565384864807129,1.3507200479507446,0.6186893582344055
2024-02-27,1.0850930213928223,1.268455982208252,150.5659942626953,0.8798999786376953,0.6539598107337952,1.3501299619674683,0.6167091131210327
2024-02-28,1.084481120109558,1.268166422843933,150.4949951171875,0.8787999749183655,0.6543898582458496,1.3531700372695923,0.6170287728309631
2024-02-29,1.0838816165924072,1.2663036584854126,150.656005859375,0.8787099719047546,0.6494700312614441,1.3577500581741333,0.6097100377082825
2024-03-01,1.0804970264434814,1.2625465393066406,150.09500122070313,0.8844000101089478,0.6498401165008545,1.3573700189590454,0.6085797548294067
2024-03-04,1.084269404411316,1.26603102684021,150.10499572753906,0.8833400011062622,0.6527883410453796,1.355239987373352,0.6103813648223877
2024-03-05,1.0855170488357544,1.269196629524231,150.46600341796875,0.885200023651123,0.6507620811462402,1.357200026512146,0.6096594333648682
2024-03-06,1.0855995416641235,1.27048659324646,150.0489959716797,0.8835800290107727,0.6503900289535522,1.3589999675750732,0.6087798476219177
2024-03-07,1.089953899383545,1.2735446691513062,149.2689971923828,0.882099986076355,0.6566298604011536,1.3512699604034424,0.6127901673316956
2024-03-08,1.0950144529342651,1.2815583944320679,147.8679962158203,0.8770999908447266,0.6621301770210266,1.3451999425888062,0.6178789138793945
2024-03-11,1.0942955017089844,1.2855123281478882,146.7740020751953,0.8775100111961365,0.6624314785003662,1.348449945449829,0.6179400086402893
2024-03-12,1.093135118484497,1.2819806337356567,146.73199462890625,0.8772500157356262,0.6615506410598755,1.347749948501587,0.6170782446861267
2024-03-13,1.0927767753601074,1.2795906066894531,147.61900329589844,0.8773900270462036,0.6607297658920288,1.349310040473938,0.614960789680481
2024-03-14,1.0955302715301514,1.2802129983901978,147.62100219726563,0.8783800005912781,0.6627599000930786,1.3466299772262573,0.6165000200271606
2024-03-15,1.0883406400680542,1.2745835781097412,148.29600524902344,0.8842700123786926,0.6579297780990601,1.3537700176239014,0.6124786734580994
2024-03-18,1.0882576704025269,1.2731393575668335,148.9550018310547,0.8835899829864502,0.6557978987693787,1.3546099662780762,0.608698308467865
2024-03-19,1.087393879890442,1.272718071937561,149.1439971923828,0.8875100016593933,0.655750572681427,1.3534799814224243,0.6082687973976135
2024-03-20,1.0863306522369385,1.2719409465789795,151.03500366210938,0.8885400295257568,0.6526401042938232,1.3573100566864014,0.6048984527587891
2024-03-21,1.0937210321426392,1.2798361778259277,150.75999450683594,0.8855500221252441,0.6597799062728882,1.347190022468567,0.6089614629745483
2024-03-22,1.0862362384796143,1.2661913633346558,151.63299560546875,0.8976799845695496,0.657418966293335,1.3526999950408936,0.6046388149261475
2024-03-25,1.0807539224624634,1.25979483127594,151.30499267578125,0.8976200222969055,0.6515804529190063,1.3611500263214111,0.5990211963653564
2024-03-26,1.0838228464126587,1.2637910842895508,151.3730010986328,0.8994699716567993,0.6538896560668945,1.3584599494934082,0.6001608371734619
2024-03-27,1.0832358598709106,1.2628495693206787,151.52999877929688,0.9036499857902527,0.6538982391357422,1.3581000566482544,0.6007593870162964
2024-03-28,1.0813382863998413,1.261670470237732,151.28700256347656,0.9054999947547913,0.6521999835968018,1.3586000204086304,0.5992509126663208
2024-03-29,1.0794472694396973,1.26262629032135,151.44000244140625,0.9010699987411499,0.6516780853271484,1.353600025177002,0.5974700450897217
2024-04-01,1.0737217664718628,1.2545477151870728,151.58099365234375,0.9050700068473816,0.6487903594970703,1.3573700189590454,0.5952416062355042
2024-04-02,1.076855182647705,1.2576876878738403,151.5399932861328,0.9078199863433838,0.651439905166626,1.3564300537109375,0.5969401001930237
2024-04-03,1.0838346481323242,1.2651821374893188,151.58099365234375,0.9028900265693665,0.6568998694419861,1.3523800373077393,0.6014711856842041
2024-04-04,1.0837054252624512,1.26401948928833,151.29200744628906,0.9015100002288818,0.6587702035903931,1.354449987411499,0.6027800440788269
2024-04-05,1.0837054252624512,1.26401948928833,151.29200744628906,0.9015100002288818,0.6587702035903931,1.354449987411499,0.6027800440788269
2024-04-08,1.0863661766052246,1.2658709287643433,151.84300231933594,0.9050099849700928,0.6604998111724854,1.3570799827575684,0.6034383773803711
2024-04-09,1.0859296321868896,1.2677645683288574,151.77699279785156,0.9029800295829773,0.662850022315979,1.3572900295257568,0.6067924499511719
2024-04-10,1.074171543121338,1.2537612915039063,152.96400451660156,0.9130399823188782,0.6507201194763184,1.3687000274658203,0.5974607467651367
2024-04-11,1.0726851224899292,1.2554770708084106,153.19200134277344,0.9098299741744995,0.6540607213973999,1.368690013885498,0.600121259689331
2024-04-12,1.0726851224899292,1.2554770708084106,153.19200134277344,0.9098299741744995,0.6540607213973999,1.368690013885498,0.600121259689331
2024-04-15,1.0625749826431274,1.2447409629821777,154.20599365234375,0.9115999937057495,0.644250214099884,1.3786300420761108,0.5902804136276245
2024-04-16,1.0621461868286133,1.2431007623672485,154.697998046875,0.912559986114502,0.6412801146507263,1.3818800449371338,0.5892091989517212
2024-04-17,1.0669398307800293,1.2453765869140625,154.3419952392578,0.9103999733924866,0.6439813375473022,1.3771799802780151,0.5912995934486389
2024-04-18,1.0644185543060303,1.2437657117843628,154.61000061035156,0.9121000170707703,0.6424699425697327,1.3769299983978271,0.5903501510620117
2024-04-19,1.0644185543060303,1.2437657117843628,154.61000061035156,0.9121000170707703,0.6424699425697327,1.3769299983978271,0.5903501510620117
2024-04-22,1.065405249595642,1.2350252866744995,154.81300354003906,0.9118899703025818,0.6452862024307251,1.3700499534606934,0.5921199917793274
2024-04-23,1.0704345703125,1.2453300952911377,154.74400329589844,0.9114000201225281,0.6488901376724243,1.3660600185394287,0.5936902165412903
2024-04-24,1.0699878931045532,1.2459505796432495,155.25900268554688,0.9144399762153625,0.6496999263763428,1.370419979095459,0.593591570854187
2024-04-25,1.072961449623108,1.2509069442749023,155.5970001220703,0.9125199913978577,0.6523199677467346,1.3658000230789185,0.5958410501480103
2024-04-26,1.072961449623108,1.2509069442749023,155.5970001220703,0.9125199913978577,0.6523199677467346,1.3658000230789185,0.5958410501480103
2024-04-29,1.0715701580047607,1.2559815645217896,156.31399536132813,0.9107199907302856,0.6561899185180664,1.36667001247406,0.5971611142158508
2024-04-30,1.0666552782058716,1.2490164041519165,157.7220001220703,0.9194899797439575,0.6478001475334167,1.3776999711990356,0.5879517197608948
2024-05-01,1.0721560716629028,1.2539342641830444,155.70399475097656,0.9163600206375122,0.653190016746521,1.3723000288009644,0.5930107831954956
2024-05-02,1.073306918144226,1.2540600299835205,153.0449981689453,0.9097700119018555,0.6571398973464966,1.3666199445724487,0.5963882803916931
2024-05-03,1.073306918144226,1.2540600299835205,153.0449981689453,0.9097700119018555,0.6571398973464966,1.3666199445724487,0.5963882803916931
2024-05-06,1.0767507553100586,1.2559815645217896,154.23699951171875,0.9067000150680542,0.6623920202255249,1.3670899868011475,0.6009507179260254
2024-05-07,1.0750491619110107,1.25014066696167,154.7480010986328,0.9084799885749817,0.6589199900627136,1.3733199834823608,0.5997199416160583
2024-05-08,1.0746910572052002,1.2493284940719604,155.41900634765625,0.9079899787902832,0.657680094242096,1.3727200031280518,0.6004202961921692
2024-05-09,1.078515887260437,1.2525677680969238,155.38900756835938,0.9058499932289124,0.6620998978614807,1.3677799701690674,0.6036205291748047
2024-05-10,1.078515887260437,1.2525677680969238,155.38900756835938,0.9058499932289124,0.6620998978614807,1.3677799701690674,0.6036205291748047
2024-05-13,1.079354166984558,1.2561867237091064,156.23300170898438,0.9078999757766724,0.6612882018089294,1.366569995880127,0.6023406982421875
2024-05-14,1.0814552307128906,1.2585265636444092,156.4980010986328,0.9067000150680542,0.6626027226448059,1.365280032157898,0.6043282151222229
2024-05-15,1.0889805555343628,1.2690032720565796,154.28199768066406,0.9005299806594849,0.6701065301895142,1.3596999645233154,0.6130606532096863
2024-05-16,1.0867793560028076,1.2672007083892822,155.37899780273438,0.9059900045394897,0.6683151721954346,1.3614599704742432,0.6124201416969299
2024-05-17,1.0867793560028076,1.2672007083892822,155.37899780273438,0.9059900045394897,0.6683151721954346,1.3614599704742432,0.6124201416969299
2024-05-20,1.086082935333252,1.2710840702056885,156.3699951171875,0.9101200103759766,0.6672093272209167,1.3621000051498413,0.6108101606369019
2024-05-21,1.0855170488357544,1.2711325883865356,156.25100708007813,0.9111599922180176,0.6667097806930542,1.3640300035476685,0.6093807816505432
2024-05-22,1.0825204849243164,1.2721028327941895,156.70399475097656,0.9150000214576721,0.6619185209274292,1.368899941444397,0.6100090146064758
2024-05-23,1.0812681913375854,1.2694060802459717,156.97300720214844,0.914330005645752,0.6601487994194031,1.3732099533081055,0.609730064868927
2024-05-24,1.0812681913375854,1.2694060802459717,156.97300720214844,0.914330005645752,0.6601487994194031,1.3732099533081055,0.609730064868927
2024-05-27,1.0861891508102417,1.2772371768951416,156.84500122070313,0.9132000207901001,0.6655617952346802,1.3628900051116943,0.6152294278144836
2024-05-28,1.0851871967315674,1.275835633277893,157.26199340820313,0.9122899770736694,0.6647999286651611,1.3645999431610107,0.6140695810317993
2024-05-29,1.0801819562911987,1.2697993516921997,157.60800170898438,0.9128000140190125,0.6613699793815613,1.3717000484466553,0.6113590598106384
2024-05-30,1.0835410356521606,1.27304208278656,156.9530029296875,0.9033100008964539,0.6630301475524902,1.3683300018310547,0.6116507053375244
2024-05-31,1.0835410356521606,1.27304208278656,156.9530029296875,0.9033100008964539,0.6630301475524902,1.3683300018310547,0.6116507053375244
2024-06-03,1.0907385349273682,1.2810165882110596,156.0760040283203,0.8950200080871582,0.669008195400238,1.3628699779510498,0.6193599700927734
2024-06-04,1.0881866216659546,1.2773023843765259,155.12399291992188,0.8899499773979187,0.6646201014518738,1.3676199913024902,0.6174706816673279
2024-06-05,1.087453007698059,1.2794759273529053,155.9290008544922,0.8924999833106995,0.6657789945602417,1.36899995803833,0.6196286082267761
2024-06-06,1.0894432067871094,1.2793285846710205,155.69700622558594,0.8897200226783752,0.6669601202011108,1.366819977760315,0.6197015643119812
2024-06-07,1.0894432067871094,1.2793285846710205,155.69700622558594,0.8897200226783752,0.6669601202011108,1.366819977760315,0.6197015643119812
2024-06-10,1.0764262676239014,1.2726370096206665,157.0399932861328,0.8965799808502197,0.6608948111534119,1.3761199712753296,0.6128314733505249
2024-06-11,1.0740330219268799,1.274047613143921,157.10499572753906,0.8977800011634827,0.6607699394226074,1.3754899501800537,0.614601731300354
2024-06-12,1.0813149213790894,1.27962327003479,156.8000030517578,0.8942599892616272,0.6662899851799011,1.372189998626709,0.6186816692352295
2024-06-13,1.0738831758499146,1.2755101919174194,157.1280059814453,0.8939300179481506,0.6633102893829346,1.3740999698638916,0.6161011457443237
2024-06-14,1.0738831758499146,1.2755101919174194,157.1280059814453,0.8939300179481506,0.6633102893829346,1.3740999698638916,0.6161011457443237
2024-06-17,1.0740677118301392,1.2715997695922852,157.6999969482422,0.8883000016212463,0.6622077822685242,1.3713300228118896,0.613800048828125
2024-06-18,1.0742292404174805,1.2707449197769165,157.87100219726563,0.8841800093650818,0.6661200523376465,1.3716200590133667,0.614058256149292
2024-06-19,1.0751532316207886,1.2721998691558838,157.95799255371094,0.8842999935150146,0.6675300002098083,1.3705799579620361,0.6139414310455322
2024-06-20,1.0706409215927124,1.2660471200942993,158.93099975585938,0.8914899826049805,0.6660698652267456,1.3684699535369873,0.6122798919677734
2024-06-21,1.0706409215927124,1.2660471200942993,158.93099975585938,0.8914899826049805,0.6660698652267456,1.3684699535369873,0.6122798919677734
2024-06-24,1.0732723474502563,1.268343448638916,159.68600463867188,0.8931900262832642,0.6654599905014038,1.3657900094985962,0.6120513081550598
2024-06-25,1.0709619522094727,1.268399715423584,159.68600463867188,0.8952000141143799,0.6644800901412964,1.3661099672317505,0.6119089722633362
2024-06-26,1.068010926246643,1.262179970741272,160.62100219726563,0.8967000246047974,0.6644783020019531,1.3704500198364258,0.6080284118652344
2024-06-27,1.0708472728729248,1.2645741701126099,160.68699645996094,0.8985199928283691,0.6650599241256714,1.3699300289154053,0.6084686517715454
2024-06-28,1.0708472728729248,1.2645741701126099,160.68699645996094,0.8985199928283691,0.6650599241256714,1.3699300289154053,0.6084686517715454
2024-07-01,1.0737102031707764,1.2645741701126099,161.51199340820313,0.9031599760055542,0.6654599905014038,1.3737800121307373,0.6064796447753906
2024-07-02,1.0748412609100342,1.2690355777740479,161.50399780273438,0.903689980506897,0.6668298244476318,1.3676799535751343,0.6082206964492798
2024-07-03,1.0793308019638062,1.2747784852981567,161.62100219726563,0.9007599949836731,0.6710900068283081,1.3633300065994263,0.6107205748558044
2024-07-04,1.0810693502426147,1.2755752801895142,161.35800170898438,0.9002500176429749,0.6725085377693176,1.3615200519561768,0.611340343952179
2024-07-05,1.0810693502426147,1.2755752801895142,161.35800170898438,0.9002500176429749,0.6725085377693176,1.3615200519561768,0.611340343952179
2024-07-08,1.0830950736999512,1.2815583944320679,160.85699462890625,0.8978099822998047,0.6743202209472656,1.3629499673843384,0.6131207942962646
2024-07-09,1.0814785957336426,1.2787723541259766,161.33099365234375,0.8974000215530396,0.6741496920585632,1.3630000352859497,0.6127113103866577
2024-07-10,1.083329677581787,1.285264492034912,161.60699462890625,0.8992000222206116,0.6751797795295715,1.3617199659347534,0.6087983250617981
2024-07-11,1.0872756242752075,1.292373776435852,158.2010040283203,0.8960300087928772,0.6768500804901123,1.3624399900436401,0.6094588041305542
2024-07-12,1.0872756242752075,1.292373776435852,158.2010040283203,0.8960300087928772,0.6768500804901123,1.3624399900436401,0.6094588041305542
2024-07-15,1.0901559591293335,1.2970000505447388,158.14100646972656,0.8954700231552124,0.6763300895690918,1.3675999641418457,0.6076810956001282
2024-07-16,1.0902509689331055,1.29776930809021,158.35000610351563,0.8932200074195862,0.6731998324394226,1.3669500350952148,0.6069099307060242
2024-07-17,1.094020128250122,1.3007453680038452,155.68600463867188,0.8823500275611877,0.6730697751045227,1.3678699731826782,0.608061671257019
2024-07-18,1.0901559591293335,1.2951691150665283,157.14999389648438,0.8873000144958496,0.6705500483512878,1.3702000379562378,0.6043793559074402
2024-07-19,1.0901559591293335,1.2951691150665283,157.14999389648438,0.8873000144958496,0.6705500483512878,1.3702000379562378,0.6043793559074402
2024-07-22,1.0889805555343628,1.2932428121566772,156.89100646972656,0.8895000219345093,0.6640105843544006,1.3761199712753296,0.5978501439094543
2024-07-23,1.0850694179534912,1.2901561260223389,155.76800537109375,0.8915200233459473,0.6612094640731812,1.3785799741744995,0.595291256904602
2024-07-24,1.0839520692825317,1.289989709854126,153.89100646972656,0.8850200176239014,0.6574798822402954,1.3810299634933472,0.5927295684814453
2024-07-25,1.0851283073425293,1.2856775522232056,153.69700622558594,0.8806399703025818,0.6542999744415283,1.3819299936294556,0.5889801979064941
2024-07-26,1.0851283073425293,1.2856775522232056,153.69700622558594,0.8806399703025818,0.6542999744415283,1.3819299936294556,0.5889801979064941
2024-07-29,1.081946611404419,1.286041259765625,153.83299255371094,0.8860999941825867,0.6551405787467957,1.3855799436569214,0.5877305269241333
2024-07-30,1.0816072225570679,1.2836971282958984,152.6699981689453,0.8820300102233887,0.6541501879692078,1.3849600553512573,0.5902003049850464
2024-07-31,1.082391619682312,1.2853139638900757,149.74400329589844,0.8781399726867676,0.6547001004219055,1.3808300495147705,0.595181405544281
2024-08-01,1.0787602663040161,1.27289617061615,149.2010040283203,0.8729000091552734,0.6494898200035095,1.3880599737167358,0.5936197638511658
2024-08-02,1.0787602663040161,1.27289617061615,149.2010040283203,0.8729000091552734,0.6494898200035095,1.3880599737167358,0.5936197638511658
2024-08-05,1.0950982570648193,1.2788705825805664,145.7899932861328,0.8548300266265869,0.6515498757362366,1.3805299997329712,0.5950503945350647
2024-08-06,1.0926215648651123,1.2684721946716309,144.73199462890625,0.8525500297546387,0.6515001654624939,1.3786499500274658,0.5974107980728149
2024-08-07,1.0928125381469727,1.2680377960205078,146.12399291992188,0.8592699766159058,0.6515973806381226,1.3754700422286987,0.5986088514328003
2024-08-08,1.0915720462799072,1.2747459411621094,147.66900634765625,0.8668500185012817,0.659200131893158,1.3735400438308716,0.6007015705108643
2024-08-09,1.0915720462799072,1.2747459411621094,147.66900634765625,0.8668500185012817,0.659200131893158,1.3735400438308716,0.6007015705108643
2024-08-12,1.0936251878738403,1.2771228551864624,146.98199462890625,0.8647300004959106,0.6585316061973572,1.3742300271987915,0.6023406982421875
2024-08-13,1.0996986627578735,1.2866700887680054,146.9709930419922,0.8650500178337097,0.6638598442077637,1.3709100484848022,0.6079211831092834
2024-08-14,1.1013215780258179,1.2828736305236816,147.2530059814453,0.8648059964179993,0.6600006818771362,1.3715699911117554,0.6000707745552063
2024-08-15,1.0972732305526733,1.2859420776367188,149.2220001220703,0.8724899888038635,0.6612488627433777,1.37336003780365,0.5980896949768066
2024-08-16,1.0972732305526733,1.2859420776367188,149.2220001220703,0.8724899888038635,0.6612488627433777,1.37336003780365,0.5980896949768066
2024-08-19,1.1086474657058716,1.2990386486053467,146.69900512695313,0.8623700141906738,0.6735321879386902,1.3630000352859497,0.6117704510688782
2024-08-20,1.112792730331421,1.3035430908203125,145.3470001220703,0.8535599708557129,0.6747274398803711,1.3617299795150757,0.6157407760620117
2024-08-21,1.115536093711853,1.309346079826355,145.1179962158203,0.8511000275611877,0.6749701499938965,1.3583300113677979,0.6162492632865906
2024-08-22,1.111716389656067,1.3097747564315796,146.20199584960938,0.8517000079154968,0.6708199381828308,1.3603399991989136,0.6143600344657898
2024-08-23,1.111716389656067,1.3097747564315796,146.20199584960938,0.8517000079154968,0.6708199381828308,1.3603399991989136,0.6143600344657898
2024-08-26,1.1164700984954834,1.3191741704940796,144.51600646972656,0.847100019454956,0.6772910952568054,1.3482099771499634,0.6205514073371887
2024-08-27,1.117793083190918,1.3257501125335693,143.97500610351563,0.8417199850082397,0.6787898540496826,1.3447699546813965,0.6244106888771057
2024-08-28,1.1124955415725708,1.3193656206130981,144.43299865722656,0.8418200016021729,0.6783100962638855,1.3476999998092651,0.6247500777244568
2024-08-29,1.1080454587936401,1.3166210651397705,144.88999938964844,0.8469399809837341,0.67958003282547,1.3489099740982056,0.6263309121131897
2024-08-30,1.1080454587936401,1.3166210651397705,144.88999938964844,0.8469399809837341,0.67958003282547,1.3489099740982056,0.6263309121131897
